Date,Source,Site ID,POC,Daily Max 8-hour CO Concentration,UNITS,DAILY_AQI_VALUE,Site Name,DAILY_OBS_COUNT,PERCENT_COMPLETE,AQS_PARAMETER_CODE,AQS_PARAMETER_DESC,CBSA_CODE,CBSA_NAME,STATE_CODE,STATE,COUNTY_CODE,COUNTY,SITE_LATITUDE,SITE_LONGITUDE
1/1/2016,AQS,240053001,1,0.3,ppm,3,Essex,19,79,42101,Carbon monoxide,12580,"Baltimore-Columbia-Towson, MD",24,Maryland,5,Baltimore,39.310833,-76.474444
1/2/2016,AQS,240053001,1,0.9,ppm,10,Essex,24,100,42101,Carbon monoxide,12580,"Baltimore-Columbia-Towson, MD",24,Maryland,5,Baltimore,39.310833,-76.474444
1/3/2016,AQS,240053001,1,1.4,ppm,16,Essex,24,100,42101,Carbon monoxide,12580,"Baltimore-Columbia-Towson, MD",24,Maryland,5,Baltimore,39.310833,-76.474444
1/4/2016,AQS,240053001,1,0.3,ppm,3,Essex,24,100,42101,Carbon monoxide,12580,"Baltimore-Columbia-Towson, MD",24,Maryland,5,Baltimore,39.310833,-76.474444
1/5/2016,AQS,240053001,1,0.8,ppm,9,Essex,24,100,42101,Carbon monoxide,12580,"Baltimore-Columbia-Towson, MD",24,Maryland,5,Baltimore,39.310833,-76.474444
1/6/2016,AQS,240053001,1,1.3,ppm,15,Essex,24,100,42101,Carbon monoxide,12580,"Baltimore-Columbia-Towson, MD",24,Maryland,5,Baltimore,39.310833,-76.474444
1/7/2016,AQS,240053001,1,1,ppm,11,Essex,24,100,42101,Carbon monoxide,12580,"Baltimore-Columbia-Towson, MD",24,Maryland,5,Baltimore,39.310833,-76.474444
1/8/2016,AQS,240053001,1,0.4,ppm,5,Essex,24,100,42101,Carbon monoxide,12580,"Baltimore-Columbia-Towson, MD",24,Maryland,5,Baltimore,39.310833,-76.474444
1/9/2016,AQS,240053001,1,0.4,ppm,5,Essex,24,100,42101,Carbon monoxide,12580,"Baltimore-Columbia-Towson, MD",24,Maryland,5,Baltimore,39.310833,-76.474444
1/10/2016,AQS,240053001,1,0.2,ppm,2,Essex,24,100,42101,Carbon monoxide,12580,"Baltimore-Columbia-Towson, MD",24,Maryland,5,Baltimore,39.310833,-76.474444
1/11/2016,AQS,240053001,1,0.4,ppm,5,Essex,24,100,42101,Carbon monoxide,12580,"Baltimore-Columbia-Towson, MD",24,Maryland,5,Baltimore,39.310833,-76.474444
1/12/2016,AQS,240053001,1,0.5,ppm,6,Essex,24,100,42101,Carbon monoxide,12580,"Baltimore-Columbia-Towson, MD",24,Maryland,5,Baltimore,39.310833,-76.474444
1/13/2016,AQS,240053001,1,0.2,ppm,2,Essex,24,100,42101,Carbon monoxide,12580,"Baltimore-Columbia-Towson, MD",24,Maryland,5,Baltimore,39.310833,-76.474444
1/14/2016,AQS,240053001,1,0.8,ppm,9,Essex,24,100,42101,Carbon monoxide,12580,"Baltimore-Columbia-Towson, MD",24,Maryland,5,Baltimore,39.310833,-76.474444
1/15/2016,AQS,240053001,1,1.5,ppm,17,Essex,24,100,42101,Carbon monoxide,12580,"Baltimore-Columbia-Towson, MD",24,Maryland,5,Baltimore,39.310833,-76.474444
1/16/2016,AQS,240053001,1,0.3,ppm,3,Essex,24,100,42101,Carbon monoxide,12580,"Baltimore-Columbia-Towson, MD",24,Maryland,5,Baltimore,39.310833,-76.474444
1/17/2016,AQS,240053001,1,0.3,ppm,3,Essex,24,100,42101,Carbon monoxide,12580,"Baltimore-Columbia-Towson, MD",24,Maryland,5,Baltimore,39.310833,-76.474444
1/18/2016,AQS,240053001,1,0.3,ppm,3,Essex,24,100,42101,Carbon monoxide,12580,"Baltimore-Columbia-Towson, MD",24,Maryland,5,Baltimore,39.310833,-76.474444
1/19/2016,AQS,240053001,1,0.2,ppm,2,Essex,24,100,42101,Carbon monoxide,12580,"Baltimore-Columbia-Towson, MD",24,Maryland,5,Baltimore,39.310833,-76.474444
1/20/2016,AQS,240053001,1,0.3,ppm,3,Essex,24,100,42101,Carbon monoxide,12580,"Baltimore-Columbia-Towson, MD",24,Maryland,5,Baltimore,39.310833,-76.474444
1/21/2016,AQS,240053001,1,0.3,ppm,3,Essex,24,100,42101,Carbon monoxide,12580,"Baltimore-Columbia-Towson, MD",24,Maryland,5,Baltimore,39.310833,-76.474444
1/22/2016,AQS,240053001,1,0.3,ppm,3,Essex,24,100,42101,Carbon monoxide,12580,"Baltimore-Columbia-Towson, MD",24,Maryland,5,Baltimore,39.310833,-76.474444
1/23/2016,AQS,240053001,1,0.2,ppm,2,Essex,24,100,42101,Carbon monoxide,12580,"Baltimore-Columbia-Towson, MD",24,Maryland,5,Baltimore,39.310833,-76.474444
1/24/2016,AQS,240053001,1,0.7,ppm,8,Essex,24,100,42101,Carbon monoxide,12580,"Baltimore-Columbia-Towson, MD",24,Maryland,5,Baltimore,39.310833,-76.474444
1/25/2016,AQS,240053001,1,1.4,ppm,16,Essex,24,100,42101,Carbon monoxide,12580,"Baltimore-Columbia-Towson, MD",24,Maryland,5,Baltimore,39.310833,-76.474444
1/26/2016,AQS,240053001,1,1.4,ppm,16,Essex,24,100,42101,Carbon monoxide,12580,"Baltimore-Columbia-Towson, MD",24,Maryland,5,Baltimore,39.310833,-76.474444
1/27/2016,AQS,240053001,1,1.5,ppm,17,Essex,24,100,42101,Carbon monoxide,12580,"Baltimore-Columbia-Towson, MD",24,Maryland,5,Baltimore,39.310833,-76.474444
1/28/2016,AQS,240053001,1,1.1,ppm,13,Essex,24,100,42101,Carbon monoxide,12580,"Baltimore-Columbia-Towson, MD",24,Maryland,5,Baltimore,39.310833,-76.474444
1/29/2016,AQS,240053001,1,0.7,ppm,8,Essex,24,100,42101,Carbon monoxide,12580,"Baltimore-Columbia-Towson, MD",24,Maryland,5,Baltimore,39.310833,-76.474444
1/30/2016,AQS,240053001,1,0.4,ppm,5,Essex,24,100,42101,Carbon monoxide,12580,"Baltimore-Columbia-Towson, MD",24,Maryland,5,Baltimore,39.310833,-76.474444
1/31/2016,AQS,240053001,1,0.8,ppm,9,Essex,24,100,42101,Carbon monoxide,12580,"Baltimore-Columbia-Towson, MD",24,Maryland,5,Baltimore,39.310833,-76.474444
2/1/2016,AQS,240053001,1,0.8,ppm,9,Essex,24,100,42101,Carbon monoxide,12580,"Baltimore-Columbia-Towson, MD",24,Maryland,5,Baltimore,39.310833,-76.474444
2/2/2016,AQS,240053001,1,0.6,ppm,7,Essex,24,100,42101,Carbon monoxide,12580,"Baltimore-Columbia-Towson, MD",24,Maryland,5,Baltimore,39.310833,-76.474444
2/3/2016,AQS,240053001,1,0.5,ppm,6,Essex,24,100,42101,Carbon monoxide,12580,"Baltimore-Columbia-Towson, MD",24,Maryland,5,Baltimore,39.310833,-76.474444
2/4/2016,AQS,240053001,1,0.2,ppm,2,Essex,24,100,42101,Carbon monoxide,12580,"Baltimore-Columbia-Towson, MD",24,Maryland,5,Baltimore,39.310833,-76.474444
2/5/2016,AQS,240053001,1,0.2,ppm,2,Essex,24,100,42101,Carbon monoxide,12580,"Baltimore-Columbia-Towson, MD",24,Maryland,5,Baltimore,39.310833,-76.474444
2/6/2016,AQS,240053001,1,0.7,ppm,8,Essex,24,100,42101,Carbon monoxide,12580,"Baltimore-Columbia-Towson, MD",24,Maryland,5,Baltimore,39.310833,-76.474444
2/7/2016,AQS,240053001,1,0.8,ppm,9,Essex,24,100,42101,Carbon monoxide,12580,"Baltimore-Columbia-Towson, MD",24,Maryland,5,Baltimore,39.310833,-76.474444
2/8/2016,AQS,240053001,1,0.3,ppm,3,Essex,24,100,42101,Carbon monoxide,12580,"Baltimore-Columbia-Towson, MD",24,Maryland,5,Baltimore,39.310833,-76.474444
2/9/2016,AQS,240053001,1,0.2,ppm,2,Essex,24,100,42101,Carbon monoxide,12580,"Baltimore-Columbia-Towson, MD",24,Maryland,5,Baltimore,39.310833,-76.474444
2/10/2016,AQS,240053001,1,0.2,ppm,2,Essex,24,100,42101,Carbon monoxide,12580,"Baltimore-Columbia-Towson, MD",24,Maryland,5,Baltimore,39.310833,-76.474444
2/11/2016,AQS,240053001,1,0.2,ppm,2,Essex,24,100,42101,Carbon monoxide,12580,"Baltimore-Columbia-Towson, MD",24,Maryland,5,Baltimore,39.310833,-76.474444
2/12/2016,AQS,240053001,1,0.4,ppm,5,Essex,24,100,42101,Carbon monoxide,12580,"Baltimore-Columbia-Towson, MD",24,Maryland,5,Baltimore,39.310833,-76.474444
2/13/2016,AQS,240053001,1,0.2,ppm,2,Essex,24,100,42101,Carbon monoxide,12580,"Baltimore-Columbia-Towson, MD",24,Maryland,5,Baltimore,39.310833,-76.474444
2/14/2016,AQS,240053001,1,0.2,ppm,2,Essex,24,100,42101,Carbon monoxide,12580,"Baltimore-Columbia-Towson, MD",24,Maryland,5,Baltimore,39.310833,-76.474444
2/15/2016,AQS,240053001,1,0.3,ppm,3,Essex,24,100,42101,Carbon monoxide,12580,"Baltimore-Columbia-Towson, MD",24,Maryland,5,Baltimore,39.310833,-76.474444
2/16/2016,AQS,240053001,1,0.3,ppm,3,Essex,24,100,42101,Carbon monoxide,12580,"Baltimore-Columbia-Towson, MD",24,Maryland,5,Baltimore,39.310833,-76.474444
2/17/2016,AQS,240053001,1,0.9,ppm,10,Essex,24,100,42101,Carbon monoxide,12580,"Baltimore-Columbia-Towson, MD",24,Maryland,5,Baltimore,39.310833,-76.474444
2/18/2016,AQS,240053001,1,0.3,ppm,3,Essex,24,100,42101,Carbon monoxide,12580,"Baltimore-Columbia-Towson, MD",24,Maryland,5,Baltimore,39.310833,-76.474444
2/19/2016,AQS,240053001,1,0.7,ppm,8,Essex,24,100,42101,Carbon monoxide,12580,"Baltimore-Columbia-Towson, MD",24,Maryland,5,Baltimore,39.310833,-76.474444
2/20/2016,AQS,240053001,1,0.5,ppm,6,Essex,24,100,42101,Carbon monoxide,12580,"Baltimore-Columbia-Towson, MD",24,Maryland,5,Baltimore,39.310833,-76.474444
2/21/2016,AQS,240053001,1,0.6,ppm,7,Essex,24,100,42101,Carbon monoxide,12580,"Baltimore-Columbia-Towson, MD",24,Maryland,5,Baltimore,39.310833,-76.474444
2/22/2016,AQS,240053001,1,0.5,ppm,6,Essex,24,100,42101,Carbon monoxide,12580,"Baltimore-Columbia-Towson, MD",24,Maryland,5,Baltimore,39.310833,-76.474444
2/23/2016,AQS,240053001,1,0.5,ppm,6,Essex,24,100,42101,Carbon monoxide,12580,"Baltimore-Columbia-Towson, MD",24,Maryland,5,Baltimore,39.310833,-76.474444
2/24/2016,AQS,240053001,1,0.2,ppm,2,Essex,24,100,42101,Carbon monoxide,12580,"Baltimore-Columbia-Towson, MD",24,Maryland,5,Baltimore,39.310833,-76.474444
2/25/2016,AQS,240053001,1,0.2,ppm,2,Essex,24,100,42101,Carbon monoxide,12580,"Baltimore-Columbia-Towson, MD",24,Maryland,5,Baltimore,39.310833,-76.474444
2/26/2016,AQS,240053001,1,0.2,ppm,2,Essex,24,100,42101,Carbon monoxide,12580,"Baltimore-Columbia-Towson, MD",24,Maryland,5,Baltimore,39.310833,-76.474444
2/27/2016,AQS,240053001,1,0.3,ppm,3,Essex,24,100,42101,Carbon monoxide,12580,"Baltimore-Columbia-Towson, MD",24,Maryland,5,Baltimore,39.310833,-76.474444
2/28/2016,AQS,240053001,1,0.5,ppm,6,Essex,24,100,42101,Carbon monoxide,12580,"Baltimore-Columbia-Towson, MD",24,Maryland,5,Baltimore,39.310833,-76.474444
2/29/2016,AQS,240053001,1,0.3,ppm,3,Essex,24,100,42101,Carbon monoxide,12580,"Baltimore-Columbia-Towson, MD",24,Maryland,5,Baltimore,39.310833,-76.474444
3/1/2016,AQS,240053001,1,0.5,ppm,6,Essex,24,100,42101,Carbon monoxide,12580,"Baltimore-Columbia-Towson, MD",24,Maryland,5,Baltimore,39.310833,-76.474444
3/2/2016,AQS,240053001,1,0.2,ppm,2,Essex,24,100,42101,Carbon monoxide,12580,"Baltimore-Columbia-Towson, MD",24,Maryland,5,Baltimore,39.310833,-76.474444
3/3/2016,AQS,240053001,1,0.3,ppm,3,Essex,24,100,42101,Carbon monoxide,12580,"Baltimore-Columbia-Towson, MD",24,Maryland,5,Baltimore,39.310833,-76.474444
3/4/2016,AQS,240053001,1,0.2,ppm,2,Essex,24,100,42101,Carbon monoxide,12580,"Baltimore-Columbia-Towson, MD",24,Maryland,5,Baltimore,39.310833,-76.474444
3/5/2016,AQS,240053001,1,0.4,ppm,5,Essex,24,100,42101,Carbon monoxide,12580,"Baltimore-Columbia-Towson, MD",24,Maryland,5,Baltimore,39.310833,-76.474444
3/6/2016,AQS,240053001,1,0.6,ppm,7,Essex,24,100,42101,Carbon monoxide,12580,"Baltimore-Columbia-Towson, MD",24,Maryland,5,Baltimore,39.310833,-76.474444
3/7/2016,AQS,240053001,1,0.9,ppm,10,Essex,24,100,42101,Carbon monoxide,12580,"Baltimore-Columbia-Towson, MD",24,Maryland,5,Baltimore,39.310833,-76.474444
3/8/2016,AQS,240053001,1,0.8,ppm,9,Essex,24,100,42101,Carbon monoxide,12580,"Baltimore-Columbia-Towson, MD",24,Maryland,5,Baltimore,39.310833,-76.474444
3/9/2016,AQS,240053001,1,0.6,ppm,7,Essex,24,100,42101,Carbon monoxide,12580,"Baltimore-Columbia-Towson, MD",24,Maryland,5,Baltimore,39.310833,-76.474444
3/10/2016,AQS,240053001,1,0.5,ppm,6,Essex,24,100,42101,Carbon monoxide,12580,"Baltimore-Columbia-Towson, MD",24,Maryland,5,Baltimore,39.310833,-76.474444
3/11/2016,AQS,240053001,1,0.2,ppm,2,Essex,24,100,42101,Carbon monoxide,12580,"Baltimore-Columbia-Towson, MD",24,Maryland,5,Baltimore,39.310833,-76.474444
3/12/2016,AQS,240053001,1,0.3,ppm,3,Essex,24,100,42101,Carbon monoxide,12580,"Baltimore-Columbia-Towson, MD",24,Maryland,5,Baltimore,39.310833,-76.474444
3/13/2016,AQS,240053001,1,0.4,ppm,5,Essex,24,100,42101,Carbon monoxide,12580,"Baltimore-Columbia-Towson, MD",24,Maryland,5,Baltimore,39.310833,-76.474444
3/14/2016,AQS,240053001,1,0.1,ppm,1,Essex,24,100,42101,Carbon monoxide,12580,"Baltimore-Columbia-Towson, MD",24,Maryland,5,Baltimore,39.310833,-76.474444
3/15/2016,AQS,240053001,1,0.4,ppm,5,Essex,24,100,42101,Carbon monoxide,12580,"Baltimore-Columbia-Towson, MD",24,Maryland,5,Baltimore,39.310833,-76.474444
3/16/2016,AQS,240053001,1,0.9,ppm,10,Essex,18,75,42101,Carbon monoxide,12580,"Baltimore-Columbia-Towson, MD",24,Maryland,5,Baltimore,39.310833,-76.474444
3/17/2016,AQS,240053001,1,0.6,ppm,7,Essex,24,100,42101,Carbon monoxide,12580,"Baltimore-Columbia-Towson, MD",24,Maryland,5,Baltimore,39.310833,-76.474444
3/18/2016,AQS,240053001,1,0.4,ppm,5,Essex,24,100,42101,Carbon monoxide,12580,"Baltimore-Columbia-Towson, MD",24,Maryland,5,Baltimore,39.310833,-76.474444
3/19/2016,AQS,240053001,1,0.3,ppm,3,Essex,24,100,42101,Carbon monoxide,12580,"Baltimore-Columbia-Towson, MD",24,Maryland,5,Baltimore,39.310833,-76.474444
3/20/2016,AQS,240053001,1,0.2,ppm,2,Essex,24,100,42101,Carbon monoxide,12580,"Baltimore-Columbia-Towson, MD",24,Maryland,5,Baltimore,39.310833,-76.474444
3/21/2016,AQS,240053001,1,0.3,ppm,3,Essex,24,100,42101,Carbon monoxide,12580,"Baltimore-Columbia-Towson, MD",24,Maryland,5,Baltimore,39.310833,-76.474444
3/22/2016,AQS,240053001,1,0.6,ppm,7,Essex,24,100,42101,Carbon monoxide,12580,"Baltimore-Columbia-Towson, MD",24,Maryland,5,Baltimore,39.310833,-76.474444
3/23/2016,AQS,240053001,1,0.5,ppm,6,Essex,24,100,42101,Carbon monoxide,12580,"Baltimore-Columbia-Towson, MD",24,Maryland,5,Baltimore,39.310833,-76.474444
3/24/2016,AQS,240053001,1,0.6,ppm,7,Essex,24,100,42101,Carbon monoxide,12580,"Baltimore-Columbia-Towson, MD",24,Maryland,5,Baltimore,39.310833,-76.474444
3/25/2016,AQS,240053001,1,0.2,ppm,2,Essex,24,100,42101,Carbon monoxide,12580,"Baltimore-Columbia-Towson, MD",24,Maryland,5,Baltimore,39.310833,-76.474444
3/26/2016,AQS,240053001,1,0.2,ppm,2,Essex,24,100,42101,Carbon monoxide,12580,"Baltimore-Columbia-Towson, MD",24,Maryland,5,Baltimore,39.310833,-76.474444
3/27/2016,AQS,240053001,1,0.2,ppm,2,Essex,24,100,42101,Carbon monoxide,12580,"Baltimore-Columbia-Towson, MD",24,Maryland,5,Baltimore,39.310833,-76.474444
3/28/2016,AQS,240053001,1,0.2,ppm,2,Essex,24,100,42101,Carbon monoxide,12580,"Baltimore-Columbia-Towson, MD",24,Maryland,5,Baltimore,39.310833,-76.474444
3/29/2016,AQS,240053001,1,0.2,ppm,2,Essex,24,100,42101,Carbon monoxide,12580,"Baltimore-Columbia-Towson, MD",24,Maryland,5,Baltimore,39.310833,-76.474444
3/30/2016,AQS,240053001,1,0.4,ppm,5,Essex,24,100,42101,Carbon monoxide,12580,"Baltimore-Columbia-Towson, MD",24,Maryland,5,Baltimore,39.310833,-76.474444
3/31/2016,AQS,240053001,1,0.1,ppm,1,Essex,24,100,42101,Carbon monoxide,12580,"Baltimore-Columbia-Towson, MD",24,Maryland,5,Baltimore,39.310833,-76.474444
4/1/2016,AQS,240053001,1,0.2,ppm,2,Essex,24,100,42101,Carbon monoxide,12580,"Baltimore-Columbia-Towson, MD",24,Maryland,5,Baltimore,39.310833,-76.474444
4/2/2016,AQS,240053001,1,0.2,ppm,2,Essex,24,100,42101,Carbon monoxide,12580,"Baltimore-Columbia-Towson, MD",24,Maryland,5,Baltimore,39.310833,-76.474444
4/3/2016,AQS,240053001,1,0.3,ppm,3,Essex,24,100,42101,Carbon monoxide,12580,"Baltimore-Columbia-Towson, MD",24,Maryland,5,Baltimore,39.310833,-76.474444
4/4/2016,AQS,240053001,1,0.4,ppm,5,Essex,24,100,42101,Carbon monoxide,12580,"Baltimore-Columbia-Towson, MD",24,Maryland,5,Baltimore,39.310833,-76.474444
4/5/2016,AQS,240053001,1,0.4,ppm,5,Essex,24,100,42101,Carbon monoxide,12580,"Baltimore-Columbia-Towson, MD",24,Maryland,5,Baltimore,39.310833,-76.474444
4/6/2016,AQS,240053001,1,0.5,ppm,6,Essex,24,100,42101,Carbon monoxide,12580,"Baltimore-Columbia-Towson, MD",24,Maryland,5,Baltimore,39.310833,-76.474444
4/7/2016,AQS,240053001,1,0.1,ppm,1,Essex,24,100,42101,Carbon monoxide,12580,"Baltimore-Columbia-Towson, MD",24,Maryland,5,Baltimore,39.310833,-76.474444
4/8/2016,AQS,240053001,1,0.3,ppm,3,Essex,24,100,42101,Carbon monoxide,12580,"Baltimore-Columbia-Towson, MD",24,Maryland,5,Baltimore,39.310833,-76.474444
4/9/2016,AQS,240053001,1,0.6,ppm,7,Essex,24,100,42101,Carbon monoxide,12580,"Baltimore-Columbia-Towson, MD",24,Maryland,5,Baltimore,39.310833,-76.474444
4/10/2016,AQS,240053001,1,0.2,ppm,2,Essex,24,100,42101,Carbon monoxide,12580,"Baltimore-Columbia-Towson, MD",24,Maryland,5,Baltimore,39.310833,-76.474444
4/11/2016,AQS,240053001,1,0.2,ppm,2,Essex,24,100,42101,Carbon monoxide,12580,"Baltimore-Columbia-Towson, MD",24,Maryland,5,Baltimore,39.310833,-76.474444
4/12/2016,AQS,240053001,1,0.1,ppm,1,Essex,24,100,42101,Carbon monoxide,12580,"Baltimore-Columbia-Towson, MD",24,Maryland,5,Baltimore,39.310833,-76.474444
4/13/2016,AQS,240053001,1,0.3,ppm,3,Essex,24,100,42101,Carbon monoxide,12580,"Baltimore-Columbia-Towson, MD",24,Maryland,5,Baltimore,39.310833,-76.474444
4/14/2016,AQS,240053001,1,0.4,ppm,5,Essex,24,100,42101,Carbon monoxide,12580,"Baltimore-Columbia-Towson, MD",24,Maryland,5,Baltimore,39.310833,-76.474444
4/15/2016,AQS,240053001,1,0.2,ppm,2,Essex,24,100,42101,Carbon monoxide,12580,"Baltimore-Columbia-Towson, MD",24,Maryland,5,Baltimore,39.310833,-76.474444
4/16/2016,AQS,240053001,1,0.3,ppm,3,Essex,24,100,42101,Carbon monoxide,12580,"Baltimore-Columbia-Towson, MD",24,Maryland,5,Baltimore,39.310833,-76.474444
4/17/2016,AQS,240053001,1,0.4,ppm,5,Essex,24,100,42101,Carbon monoxide,12580,"Baltimore-Columbia-Towson, MD",24,Maryland,5,Baltimore,39.310833,-76.474444
4/18/2016,AQS,240053001,1,0.6,ppm,7,Essex,24,100,42101,Carbon monoxide,12580,"Baltimore-Columbia-Towson, MD",24,Maryland,5,Baltimore,39.310833,-76.474444
4/19/2016,AQS,240053001,1,0.5,ppm,6,Essex,24,100,42101,Carbon monoxide,12580,"Baltimore-Columbia-Towson, MD",24,Maryland,5,Baltimore,39.310833,-76.474444
4/20/2016,AQS,240053001,1,0.2,ppm,2,Essex,24,100,42101,Carbon monoxide,12580,"Baltimore-Columbia-Towson, MD",24,Maryland,5,Baltimore,39.310833,-76.474444
4/21/2016,AQS,240053001,1,0.2,ppm,2,Essex,24,100,42101,Carbon monoxide,12580,"Baltimore-Columbia-Towson, MD",24,Maryland,5,Baltimore,39.310833,-76.474444
4/22/2016,AQS,240053001,1,0.2,ppm,2,Essex,24,100,42101,Carbon monoxide,12580,"Baltimore-Columbia-Towson, MD",24,Maryland,5,Baltimore,39.310833,-76.474444
4/23/2016,AQS,240053001,1,0.2,ppm,2,Essex,24,100,42101,Carbon monoxide,12580,"Baltimore-Columbia-Towson, MD",24,Maryland,5,Baltimore,39.310833,-76.474444
4/24/2016,AQS,240053001,1,0.2,ppm,2,Essex,24,100,42101,Carbon monoxide,12580,"Baltimore-Columbia-Towson, MD",24,Maryland,5,Baltimore,39.310833,-76.474444
4/25/2016,AQS,240053001,1,0.2,ppm,2,Essex,24,100,42101,Carbon monoxide,12580,"Baltimore-Columbia-Towson, MD",24,Maryland,5,Baltimore,39.310833,-76.474444
4/26/2016,AQS,240053001,1,0.2,ppm,2,Essex,24,100,42101,Carbon monoxide,12580,"Baltimore-Columbia-Towson, MD",24,Maryland,5,Baltimore,39.310833,-76.474444
4/27/2016,AQS,240053001,1,0.1,ppm,1,Essex,24,100,42101,Carbon monoxide,12580,"Baltimore-Columbia-Towson, MD",24,Maryland,5,Baltimore,39.310833,-76.474444
4/28/2016,AQS,240053001,1,0.2,ppm,2,Essex,24,100,42101,Carbon monoxide,12580,"Baltimore-Columbia-Towson, MD",24,Maryland,5,Baltimore,39.310833,-76.474444
4/29/2016,AQS,240053001,1,0.2,ppm,2,Essex,24,100,42101,Carbon monoxide,12580,"Baltimore-Columbia-Towson, MD",24,Maryland,5,Baltimore,39.310833,-76.474444
4/30/2016,AQS,240053001,1,0.2,ppm,2,Essex,24,100,42101,Carbon monoxide,12580,"Baltimore-Columbia-Towson, MD",24,Maryland,5,Baltimore,39.310833,-76.474444
5/1/2016,AQS,240053001,1,0.1,ppm,1,Essex,24,100,42101,Carbon monoxide,12580,"Baltimore-Columbia-Towson, MD",24,Maryland,5,Baltimore,39.310833,-76.474444
5/2/2016,AQS,240053001,1,0.1,ppm,1,Essex,24,100,42101,Carbon monoxide,12580,"Baltimore-Columbia-Towson, MD",24,Maryland,5,Baltimore,39.310833,-76.474444
5/3/2016,AQS,240053001,1,0.2,ppm,2,Essex,24,100,42101,Carbon monoxide,12580,"Baltimore-Columbia-Towson, MD",24,Maryland,5,Baltimore,39.310833,-76.474444
5/4/2016,AQS,240053001,1,0.2,ppm,2,Essex,24,100,42101,Carbon monoxide,12580,"Baltimore-Columbia-Towson, MD",24,Maryland,5,Baltimore,39.310833,-76.474444
5/5/2016,AQS,240053001,1,0.2,ppm,2,Essex,24,100,42101,Carbon monoxide,12580,"Baltimore-Columbia-Towson, MD",24,Maryland,5,Baltimore,39.310833,-76.474444
5/6/2016,AQS,240053001,1,0.2,ppm,2,Essex,24,100,42101,Carbon monoxide,12580,"Baltimore-Columbia-Towson, MD",24,Maryland,5,Baltimore,39.310833,-76.474444
5/7/2016,AQS,240053001,1,0.2,ppm,2,Essex,24,100,42101,Carbon monoxide,12580,"Baltimore-Columbia-Towson, MD",24,Maryland,5,Baltimore,39.310833,-76.474444
5/8/2016,AQS,240053001,1,0.3,ppm,3,Essex,24,100,42101,Carbon monoxide,12580,"Baltimore-Columbia-Towson, MD",24,Maryland,5,Baltimore,39.310833,-76.474444
5/9/2016,AQS,240053001,1,0.4,ppm,5,Essex,24,100,42101,Carbon monoxide,12580,"Baltimore-Columbia-Towson, MD",24,Maryland,5,Baltimore,39.310833,-76.474444
5/10/2016,AQS,240053001,1,0.2,ppm,2,Essex,24,100,42101,Carbon monoxide,12580,"Baltimore-Columbia-Towson, MD",24,Maryland,5,Baltimore,39.310833,-76.474444
5/11/2016,AQS,240053001,1,0.2,ppm,2,Essex,18,75,42101,Carbon monoxide,12580,"Baltimore-Columbia-Towson, MD",24,Maryland,5,Baltimore,39.310833,-76.474444
5/12/2016,AQS,240053001,1,0.2,ppm,2,Essex,24,100,42101,Carbon monoxide,12580,"Baltimore-Columbia-Towson, MD",24,Maryland,5,Baltimore,39.310833,-76.474444
5/13/2016,AQS,240053001,1,0.3,ppm,3,Essex,24,100,42101,Carbon monoxide,12580,"Baltimore-Columbia-Towson, MD",24,Maryland,5,Baltimore,39.310833,-76.474444
5/14/2016,AQS,240053001,1,0.3,ppm,3,Essex,24,100,42101,Carbon monoxide,12580,"Baltimore-Columbia-Towson, MD",24,Maryland,5,Baltimore,39.310833,-76.474444
5/15/2016,AQS,240053001,1,0.2,ppm,2,Essex,24,100,42101,Carbon monoxide,12580,"Baltimore-Columbia-Towson, MD",24,Maryland,5,Baltimore,39.310833,-76.474444
5/16/2016,AQS,240053001,1,0.2,ppm,2,Essex,24,100,42101,Carbon monoxide,12580,"Baltimore-Columbia-Towson, MD",24,Maryland,5,Baltimore,39.310833,-76.474444
5/17/2016,AQS,240053001,1,0.2,ppm,2,Essex,24,100,42101,Carbon monoxide,12580,"Baltimore-Columbia-Towson, MD",24,Maryland,5,Baltimore,39.310833,-76.474444
5/18/2016,AQS,240053001,1,0.3,ppm,3,Essex,24,100,42101,Carbon monoxide,12580,"Baltimore-Columbia-Towson, MD",24,Maryland,5,Baltimore,39.310833,-76.474444
5/19/2016,AQS,240053001,1,0.4,ppm,5,Essex,24,100,42101,Carbon monoxide,12580,"Baltimore-Columbia-Towson, MD",24,Maryland,5,Baltimore,39.310833,-76.474444
5/20/2016,AQS,240053001,1,0.5,ppm,6,Essex,24,100,42101,Carbon monoxide,12580,"Baltimore-Columbia-Towson, MD",24,Maryland,5,Baltimore,39.310833,-76.474444
5/21/2016,AQS,240053001,1,0.2,ppm,2,Essex,24,100,42101,Carbon monoxide,12580,"Baltimore-Columbia-Towson, MD",24,Maryland,5,Baltimore,39.310833,-76.474444
5/22/2016,AQS,240053001,1,0.2,ppm,2,Essex,24,100,42101,Carbon monoxide,12580,"Baltimore-Columbia-Towson, MD",24,Maryland,5,Baltimore,39.310833,-76.474444
5/23/2016,AQS,240053001,1,0.2,ppm,2,Essex,24,100,42101,Carbon monoxide,12580,"Baltimore-Columbia-Towson, MD",24,Maryland,5,Baltimore,39.310833,-76.474444
5/24/2016,AQS,240053001,1,0.2,ppm,2,Essex,24,100,42101,Carbon monoxide,12580,"Baltimore-Columbia-Towson, MD",24,Maryland,5,Baltimore,39.310833,-76.474444
5/25/2016,AQS,240053001,1,0.5,ppm,6,Essex,24,100,42101,Carbon monoxide,12580,"Baltimore-Columbia-Towson, MD",24,Maryland,5,Baltimore,39.310833,-76.474444
5/26/2016,AQS,240053001,1,0.7,ppm,8,Essex,24,100,42101,Carbon monoxide,12580,"Baltimore-Columbia-Towson, MD",24,Maryland,5,Baltimore,39.310833,-76.474444
5/27/2016,AQS,240053001,1,0.3,ppm,3,Essex,24,100,42101,Carbon monoxide,12580,"Baltimore-Columbia-Towson, MD",24,Maryland,5,Baltimore,39.310833,-76.474444
5/28/2016,AQS,240053001,1,0.2,ppm,2,Essex,24,100,42101,Carbon monoxide,12580,"Baltimore-Columbia-Towson, MD",24,Maryland,5,Baltimore,39.310833,-76.474444
5/29/2016,AQS,240053001,1,0.2,ppm,2,Essex,24,100,42101,Carbon monoxide,12580,"Baltimore-Columbia-Towson, MD",24,Maryland,5,Baltimore,39.310833,-76.474444
5/30/2016,AQS,240053001,1,0.1,ppm,1,Essex,24,100,42101,Carbon monoxide,12580,"Baltimore-Columbia-Towson, MD",24,Maryland,5,Baltimore,39.310833,-76.474444
5/31/2016,AQS,240053001,1,0.4,ppm,5,Essex,24,100,42101,Carbon monoxide,12580,"Baltimore-Columbia-Towson, MD",24,Maryland,5,Baltimore,39.310833,-76.474444
6/1/2016,AQS,240053001,1,0.6,ppm,7,Essex,24,100,42101,Carbon monoxide,12580,"Baltimore-Columbia-Towson, MD",24,Maryland,5,Baltimore,39.310833,-76.474444
6/2/2016,AQS,240053001,1,0.1,ppm,1,Essex,24,100,42101,Carbon monoxide,12580,"Baltimore-Columbia-Towson, MD",24,Maryland,5,Baltimore,39.310833,-76.474444
6/3/2016,AQS,240053001,1,0.1,ppm,1,Essex,24,100,42101,Carbon monoxide,12580,"Baltimore-Columbia-Towson, MD",24,Maryland,5,Baltimore,39.310833,-76.474444
6/4/2016,AQS,240053001,1,0.2,ppm,2,Essex,24,100,42101,Carbon monoxide,12580,"Baltimore-Columbia-Towson, MD",24,Maryland,5,Baltimore,39.310833,-76.474444
6/5/2016,AQS,240053001,1,0.2,ppm,2,Essex,24,100,42101,Carbon monoxide,12580,"Baltimore-Columbia-Towson, MD",24,Maryland,5,Baltimore,39.310833,-76.474444
6/6/2016,AQS,240053001,1,0.2,ppm,2,Essex,24,100,42101,Carbon monoxide,12580,"Baltimore-Columbia-Towson, MD",24,Maryland,5,Baltimore,39.310833,-76.474444
6/7/2016,AQS,240053001,1,0.2,ppm,2,Essex,24,100,42101,Carbon monoxide,12580,"Baltimore-Columbia-Towson, MD",24,Maryland,5,Baltimore,39.310833,-76.474444
6/8/2016,AQS,240053001,1,0.1,ppm,1,Essex,24,100,42101,Carbon monoxide,12580,"Baltimore-Columbia-Towson, MD",24,Maryland,5,Baltimore,39.310833,-76.474444
6/9/2016,AQS,240053001,1,0.2,ppm,2,Essex,24,100,42101,Carbon monoxide,12580,"Baltimore-Columbia-Towson, MD",24,Maryland,5,Baltimore,39.310833,-76.474444
6/10/2016,AQS,240053001,1,0.2,ppm,2,Essex,24,100,42101,Carbon monoxide,12580,"Baltimore-Columbia-Towson, MD",24,Maryland,5,Baltimore,39.310833,-76.474444
6/11/2016,AQS,240053001,1,0.4,ppm,5,Essex,24,100,42101,Carbon monoxide,12580,"Baltimore-Columbia-Towson, MD",24,Maryland,5,Baltimore,39.310833,-76.474444
6/12/2016,AQS,240053001,1,0.2,ppm,2,Essex,24,100,42101,Carbon monoxide,12580,"Baltimore-Columbia-Towson, MD",24,Maryland,5,Baltimore,39.310833,-76.474444
6/13/2016,AQS,240053001,1,0.1,ppm,1,Essex,24,100,42101,Carbon monoxide,12580,"Baltimore-Columbia-Towson, MD",24,Maryland,5,Baltimore,39.310833,-76.474444
6/14/2016,AQS,240053001,1,0.2,ppm,2,Essex,24,100,42101,Carbon monoxide,12580,"Baltimore-Columbia-Towson, MD",24,Maryland,5,Baltimore,39.310833,-76.474444
6/15/2016,AQS,240053001,1,0.3,ppm,3,Essex,24,100,42101,Carbon monoxide,12580,"Baltimore-Columbia-Towson, MD",24,Maryland,5,Baltimore,39.310833,-76.474444
6/16/2016,AQS,240053001,1,0.1,ppm,1,Essex,24,100,42101,Carbon monoxide,12580,"Baltimore-Columbia-Towson, MD",24,Maryland,5,Baltimore,39.310833,-76.474444
6/17/2016,AQS,240053001,1,0.1,ppm,1,Essex,24,100,42101,Carbon monoxide,12580,"Baltimore-Columbia-Towson, MD",24,Maryland,5,Baltimore,39.310833,-76.474444
6/18/2016,AQS,240053001,1,0.2,ppm,2,Essex,24,100,42101,Carbon monoxide,12580,"Baltimore-Columbia-Towson, MD",24,Maryland,5,Baltimore,39.310833,-76.474444
6/19/2016,AQS,240053001,1,0.2,ppm,2,Essex,24,100,42101,Carbon monoxide,12580,"Baltimore-Columbia-Towson, MD",24,Maryland,5,Baltimore,39.310833,-76.474444
6/20/2016,AQS,240053001,1,0.2,ppm,2,Essex,24,100,42101,Carbon monoxide,12580,"Baltimore-Columbia-Towson, MD",24,Maryland,5,Baltimore,39.310833,-76.474444
6/21/2016,AQS,240053001,1,0.2,ppm,2,Essex,24,100,42101,Carbon monoxide,12580,"Baltimore-Columbia-Towson, MD",24,Maryland,5,Baltimore,39.310833,-76.474444
6/22/2016,AQS,240053001,1,0.2,ppm,2,Essex,24,100,42101,Carbon monoxide,12580,"Baltimore-Columbia-Towson, MD",24,Maryland,5,Baltimore,39.310833,-76.474444
6/23/2016,AQS,240053001,1,0.3,ppm,3,Essex,24,100,42101,Carbon monoxide,12580,"Baltimore-Columbia-Towson, MD",24,Maryland,5,Baltimore,39.310833,-76.474444
6/24/2016,AQS,240053001,1,0.1,ppm,1,Essex,24,100,42101,Carbon monoxide,12580,"Baltimore-Columbia-Towson, MD",24,Maryland,5,Baltimore,39.310833,-76.474444
6/25/2016,AQS,240053001,1,0.1,ppm,1,Essex,24,100,42101,Carbon monoxide,12580,"Baltimore-Columbia-Towson, MD",24,Maryland,5,Baltimore,39.310833,-76.474444
6/26/2016,AQS,240053001,1,0.2,ppm,2,Essex,24,100,42101,Carbon monoxide,12580,"Baltimore-Columbia-Towson, MD",24,Maryland,5,Baltimore,39.310833,-76.474444
6/27/2016,AQS,240053001,1,0.1,ppm,1,Essex,24,100,42101,Carbon monoxide,12580,"Baltimore-Columbia-Towson, MD",24,Maryland,5,Baltimore,39.310833,-76.474444
6/28/2016,AQS,240053001,1,0.1,ppm,1,Essex,24,100,42101,Carbon monoxide,12580,"Baltimore-Columbia-Towson, MD",24,Maryland,5,Baltimore,39.310833,-76.474444
6/29/2016,AQS,240053001,1,0.1,ppm,1,Essex,24,100,42101,Carbon monoxide,12580,"Baltimore-Columbia-Towson, MD",24,Maryland,5,Baltimore,39.310833,-76.474444
6/30/2016,AQS,240053001,1,0.1,ppm,1,Essex,24,100,42101,Carbon monoxide,12580,"Baltimore-Columbia-Towson, MD",24,Maryland,5,Baltimore,39.310833,-76.474444
7/1/2016,AQS,240053001,1,0.2,ppm,2,Essex,24,100,42101,Carbon monoxide,12580,"Baltimore-Columbia-Towson, MD",24,Maryland,5,Baltimore,39.310833,-76.474444
7/2/2016,AQS,240053001,1,0.2,ppm,2,Essex,24,100,42101,Carbon monoxide,12580,"Baltimore-Columbia-Towson, MD",24,Maryland,5,Baltimore,39.310833,-76.474444
7/3/2016,AQS,240053001,1,0.3,ppm,3,Essex,24,100,42101,Carbon monoxide,12580,"Baltimore-Columbia-Towson, MD",24,Maryland,5,Baltimore,39.310833,-76.474444
7/4/2016,AQS,240053001,1,0.2,ppm,2,Essex,24,100,42101,Carbon monoxide,12580,"Baltimore-Columbia-Towson, MD",24,Maryland,5,Baltimore,39.310833,-76.474444
7/5/2016,AQS,240053001,1,0.1,ppm,1,Essex,24,100,42101,Carbon monoxide,12580,"Baltimore-Columbia-Towson, MD",24,Maryland,5,Baltimore,39.310833,-76.474444
7/6/2016,AQS,240053001,1,0.2,ppm,2,Essex,24,100,42101,Carbon monoxide,12580,"Baltimore-Columbia-Towson, MD",24,Maryland,5,Baltimore,39.310833,-76.474444
7/7/2016,AQS,240053001,1,0.3,ppm,3,Essex,24,100,42101,Carbon monoxide,12580,"Baltimore-Columbia-Towson, MD",24,Maryland,5,Baltimore,39.310833,-76.474444
7/8/2016,AQS,240053001,1,0.2,ppm,2,Essex,24,100,42101,Carbon monoxide,12580,"Baltimore-Columbia-Towson, MD",24,Maryland,5,Baltimore,39.310833,-76.474444
7/9/2016,AQS,240053001,1,0.2,ppm,2,Essex,24,100,42101,Carbon monoxide,12580,"Baltimore-Columbia-Towson, MD",24,Maryland,5,Baltimore,39.310833,-76.474444
7/10/2016,AQS,240053001,1,0.2,ppm,2,Essex,24,100,42101,Carbon monoxide,12580,"Baltimore-Columbia-Towson, MD",24,Maryland,5,Baltimore,39.310833,-76.474444
7/11/2016,AQS,240053001,1,0.2,ppm,2,Essex,24,100,42101,Carbon monoxide,12580,"Baltimore-Columbia-Towson, MD",24,Maryland,5,Baltimore,39.310833,-76.474444
7/12/2016,AQS,240053001,1,0.3,ppm,3,Essex,24,100,42101,Carbon monoxide,12580,"Baltimore-Columbia-Towson, MD",24,Maryland,5,Baltimore,39.310833,-76.474444
7/13/2016,AQS,240053001,1,0.1,ppm,1,Essex,24,100,42101,Carbon monoxide,12580,"Baltimore-Columbia-Towson, MD",24,Maryland,5,Baltimore,39.310833,-76.474444
7/14/2016,AQS,240053001,1,0.1,ppm,1,Essex,24,100,42101,Carbon monoxide,12580,"Baltimore-Columbia-Towson, MD",24,Maryland,5,Baltimore,39.310833,-76.474444
7/15/2016,AQS,240053001,1,0.2,ppm,2,Essex,24,100,42101,Carbon monoxide,12580,"Baltimore-Columbia-Towson, MD",24,Maryland,5,Baltimore,39.310833,-76.474444
7/16/2016,AQS,240053001,1,0.2,ppm,2,Essex,24,100,42101,Carbon monoxide,12580,"Baltimore-Columbia-Towson, MD",24,Maryland,5,Baltimore,39.310833,-76.474444
7/17/2016,AQS,240053001,1,0.2,ppm,2,Essex,24,100,42101,Carbon monoxide,12580,"Baltimore-Columbia-Towson, MD",24,Maryland,5,Baltimore,39.310833,-76.474444
7/18/2016,AQS,240053001,1,0.2,ppm,2,Essex,24,100,42101,Carbon monoxide,12580,"Baltimore-Columbia-Towson, MD",24,Maryland,5,Baltimore,39.310833,-76.474444
7/19/2016,AQS,240053001,1,0.1,ppm,1,Essex,24,100,42101,Carbon monoxide,12580,"Baltimore-Columbia-Towson, MD",24,Maryland,5,Baltimore,39.310833,-76.474444
7/20/2016,AQS,240053001,1,0.2,ppm,2,Essex,24,100,42101,Carbon monoxide,12580,"Baltimore-Columbia-Towson, MD",24,Maryland,5,Baltimore,39.310833,-76.474444
7/21/2016,AQS,240053001,1,0.3,ppm,3,Essex,24,100,42101,Carbon monoxide,12580,"Baltimore-Columbia-Towson, MD",24,Maryland,5,Baltimore,39.310833,-76.474444
7/22/2016,AQS,240053001,1,0.2,ppm,2,Essex,24,100,42101,Carbon monoxide,12580,"Baltimore-Columbia-Towson, MD",24,Maryland,5,Baltimore,39.310833,-76.474444
7/23/2016,AQS,240053001,1,0.2,ppm,2,Essex,24,100,42101,Carbon monoxide,12580,"Baltimore-Columbia-Towson, MD",24,Maryland,5,Baltimore,39.310833,-76.474444
7/24/2016,AQS,240053001,1,0.2,ppm,2,Essex,24,100,42101,Carbon monoxide,12580,"Baltimore-Columbia-Towson, MD",24,Maryland,5,Baltimore,39.310833,-76.474444
7/26/2016,AQS,240053001,1,0.2,ppm,2,Essex,20,83,42101,Carbon monoxide,12580,"Baltimore-Columbia-Towson, MD",24,Maryland,5,Baltimore,39.310833,-76.474444
7/27/2016,AQS,240053001,1,0.3,ppm,3,Essex,24,100,42101,Carbon monoxide,12580,"Baltimore-Columbia-Towson, MD",24,Maryland,5,Baltimore,39.310833,-76.474444
7/28/2016,AQS,240053001,1,0.3,ppm,3,Essex,24,100,42101,Carbon monoxide,12580,"Baltimore-Columbia-Towson, MD",24,Maryland,5,Baltimore,39.310833,-76.474444
7/29/2016,AQS,240053001,1,0.3,ppm,3,Essex,24,100,42101,Carbon monoxide,12580,"Baltimore-Columbia-Towson, MD",24,Maryland,5,Baltimore,39.310833,-76.474444
7/30/2016,AQS,240053001,1,0.3,ppm,3,Essex,24,100,42101,Carbon monoxide,12580,"Baltimore-Columbia-Towson, MD",24,Maryland,5,Baltimore,39.310833,-76.474444
7/31/2016,AQS,240053001,1,0.2,ppm,2,Essex,24,100,42101,Carbon monoxide,12580,"Baltimore-Columbia-Towson, MD",24,Maryland,5,Baltimore,39.310833,-76.474444
8/1/2016,AQS,240053001,1,0.3,ppm,3,Essex,24,100,42101,Carbon monoxide,12580,"Baltimore-Columbia-Towson, MD",24,Maryland,5,Baltimore,39.310833,-76.474444
8/2/2016,AQS,240053001,1,0.1,ppm,1,Essex,24,100,42101,Carbon monoxide,12580,"Baltimore-Columbia-Towson, MD",24,Maryland,5,Baltimore,39.310833,-76.474444
8/3/2016,AQS,240053001,1,0.1,ppm,1,Essex,24,100,42101,Carbon monoxide,12580,"Baltimore-Columbia-Towson, MD",24,Maryland,5,Baltimore,39.310833,-76.474444
8/4/2016,AQS,240053001,1,0.1,ppm,1,Essex,24,100,42101,Carbon monoxide,12580,"Baltimore-Columbia-Towson, MD",24,Maryland,5,Baltimore,39.310833,-76.474444
8/5/2016,AQS,240053001,1,0.1,ppm,1,Essex,24,100,42101,Carbon monoxide,12580,"Baltimore-Columbia-Towson, MD",24,Maryland,5,Baltimore,39.310833,-76.474444
8/6/2016,AQS,240053001,1,0.2,ppm,2,Essex,24,100,42101,Carbon monoxide,12580,"Baltimore-Columbia-Towson, MD",24,Maryland,5,Baltimore,39.310833,-76.474444
8/7/2016,AQS,240053001,1,0.2,ppm,2,Essex,24,100,42101,Carbon monoxide,12580,"Baltimore-Columbia-Towson, MD",24,Maryland,5,Baltimore,39.310833,-76.474444
8/8/2016,AQS,240053001,1,0.5,ppm,6,Essex,24,100,42101,Carbon monoxide,12580,"Baltimore-Columbia-Towson, MD",24,Maryland,5,Baltimore,39.310833,-76.474444
8/9/2016,AQS,240053001,1,0.2,ppm,2,Essex,24,100,42101,Carbon monoxide,12580,"Baltimore-Columbia-Towson, MD",24,Maryland,5,Baltimore,39.310833,-76.474444
8/10/2016,AQS,240053001,1,0.1,ppm,1,Essex,24,100,42101,Carbon monoxide,12580,"Baltimore-Columbia-Towson, MD",24,Maryland,5,Baltimore,39.310833,-76.474444
8/11/2016,AQS,240053001,1,0.1,ppm,1,Essex,24,100,42101,Carbon monoxide,12580,"Baltimore-Columbia-Towson, MD",24,Maryland,5,Baltimore,39.310833,-76.474444
8/12/2016,AQS,240053001,1,0.2,ppm,2,Essex,24,100,42101,Carbon monoxide,12580,"Baltimore-Columbia-Towson, MD",24,Maryland,5,Baltimore,39.310833,-76.474444
8/13/2016,AQS,240053001,1,0.2,ppm,2,Essex,24,100,42101,Carbon monoxide,12580,"Baltimore-Columbia-Towson, MD",24,Maryland,5,Baltimore,39.310833,-76.474444
8/14/2016,AQS,240053001,1,0.1,ppm,1,Essex,24,100,42101,Carbon monoxide,12580,"Baltimore-Columbia-Towson, MD",24,Maryland,5,Baltimore,39.310833,-76.474444
8/15/2016,AQS,240053001,1,0.1,ppm,1,Essex,24,100,42101,Carbon monoxide,12580,"Baltimore-Columbia-Towson, MD",24,Maryland,5,Baltimore,39.310833,-76.474444
8/16/2016,AQS,240053001,1,0.2,ppm,2,Essex,24,100,42101,Carbon monoxide,12580,"Baltimore-Columbia-Towson, MD",24,Maryland,5,Baltimore,39.310833,-76.474444
8/17/2016,AQS,240053001,1,0.1,ppm,1,Essex,24,100,42101,Carbon monoxide,12580,"Baltimore-Columbia-Towson, MD",24,Maryland,5,Baltimore,39.310833,-76.474444
8/18/2016,AQS,240053001,1,0.2,ppm,2,Essex,24,100,42101,Carbon monoxide,12580,"Baltimore-Columbia-Towson, MD",24,Maryland,5,Baltimore,39.310833,-76.474444
8/19/2016,AQS,240053001,1,0.3,ppm,3,Essex,24,100,42101,Carbon monoxide,12580,"Baltimore-Columbia-Towson, MD",24,Maryland,5,Baltimore,39.310833,-76.474444
8/20/2016,AQS,240053001,1,0.6,ppm,7,Essex,24,100,42101,Carbon monoxide,12580,"Baltimore-Columbia-Towson, MD",24,Maryland,5,Baltimore,39.310833,-76.474444
8/21/2016,AQS,240053001,1,0.1,ppm,1,Essex,24,100,42101,Carbon monoxide,12580,"Baltimore-Columbia-Towson, MD",24,Maryland,5,Baltimore,39.310833,-76.474444
8/22/2016,AQS,240053001,1,0.2,ppm,2,Essex,24,100,42101,Carbon monoxide,12580,"Baltimore-Columbia-Towson, MD",24,Maryland,5,Baltimore,39.310833,-76.474444
8/23/2016,AQS,240053001,1,0.2,ppm,2,Essex,24,100,42101,Carbon monoxide,12580,"Baltimore-Columbia-Towson, MD",24,Maryland,5,Baltimore,39.310833,-76.474444
8/24/2016,AQS,240053001,1,0.4,ppm,5,Essex,24,100,42101,Carbon monoxide,12580,"Baltimore-Columbia-Towson, MD",24,Maryland,5,Baltimore,39.310833,-76.474444
8/26/2016,AQS,240053001,1,0.2,ppm,2,Essex,24,100,42101,Carbon monoxide,12580,"Baltimore-Columbia-Towson, MD",24,Maryland,5,Baltimore,39.310833,-76.474444
8/27/2016,AQS,240053001,1,0.4,ppm,5,Essex,24,100,42101,Carbon monoxide,12580,"Baltimore-Columbia-Towson, MD",24,Maryland,5,Baltimore,39.310833,-76.474444
8/28/2016,AQS,240053001,1,0.3,ppm,3,Essex,24,100,42101,Carbon monoxide,12580,"Baltimore-Columbia-Towson, MD",24,Maryland,5,Baltimore,39.310833,-76.474444
8/29/2016,AQS,240053001,1,0.2,ppm,2,Essex,24,100,42101,Carbon monoxide,12580,"Baltimore-Columbia-Towson, MD",24,Maryland,5,Baltimore,39.310833,-76.474444
8/30/2016,AQS,240053001,1,0.2,ppm,2,Essex,24,100,42101,Carbon monoxide,12580,"Baltimore-Columbia-Towson, MD",24,Maryland,5,Baltimore,39.310833,-76.474444
8/31/2016,AQS,240053001,1,0.3,ppm,3,Essex,24,100,42101,Carbon monoxide,12580,"Baltimore-Columbia-Towson, MD",24,Maryland,5,Baltimore,39.310833,-76.474444
9/1/2016,AQS,240053001,1,0.2,ppm,2,Essex,24,100,42101,Carbon monoxide,12580,"Baltimore-Columbia-Towson, MD",24,Maryland,5,Baltimore,39.310833,-76.474444
9/2/2016,AQS,240053001,1,0.1,ppm,1,Essex,24,100,42101,Carbon monoxide,12580,"Baltimore-Columbia-Towson, MD",24,Maryland,5,Baltimore,39.310833,-76.474444
9/3/2016,AQS,240053001,1,0.2,ppm,2,Essex,24,100,42101,Carbon monoxide,12580,"Baltimore-Columbia-Towson, MD",24,Maryland,5,Baltimore,39.310833,-76.474444
9/4/2016,AQS,240053001,1,0.3,ppm,3,Essex,24,100,42101,Carbon monoxide,12580,"Baltimore-Columbia-Towson, MD",24,Maryland,5,Baltimore,39.310833,-76.474444
9/5/2016,AQS,240053001,1,0.4,ppm,5,Essex,24,100,42101,Carbon monoxide,12580,"Baltimore-Columbia-Towson, MD",24,Maryland,5,Baltimore,39.310833,-76.474444
9/6/2016,AQS,240053001,1,0.2,ppm,2,Essex,24,100,42101,Carbon monoxide,12580,"Baltimore-Columbia-Towson, MD",24,Maryland,5,Baltimore,39.310833,-76.474444
9/8/2016,AQS,240053001,1,0.1,ppm,1,Essex,24,100,42101,Carbon monoxide,12580,"Baltimore-Columbia-Towson, MD",24,Maryland,5,Baltimore,39.310833,-76.474444
9/9/2016,AQS,240053001,1,0.2,ppm,2,Essex,24,100,42101,Carbon monoxide,12580,"Baltimore-Columbia-Towson, MD",24,Maryland,5,Baltimore,39.310833,-76.474444
9/10/2016,AQS,240053001,1,0.1,ppm,1,Essex,24,100,42101,Carbon monoxide,12580,"Baltimore-Columbia-Towson, MD",24,Maryland,5,Baltimore,39.310833,-76.474444
9/11/2016,AQS,240053001,1,0.2,ppm,2,Essex,24,100,42101,Carbon monoxide,12580,"Baltimore-Columbia-Towson, MD",24,Maryland,5,Baltimore,39.310833,-76.474444
9/12/2016,AQS,240053001,1,0.2,ppm,2,Essex,24,100,42101,Carbon monoxide,12580,"Baltimore-Columbia-Towson, MD",24,Maryland,5,Baltimore,39.310833,-76.474444
9/13/2016,AQS,240053001,1,0.2,ppm,2,Essex,24,100,42101,Carbon monoxide,12580,"Baltimore-Columbia-Towson, MD",24,Maryland,5,Baltimore,39.310833,-76.474444
9/14/2016,AQS,240053001,1,0.1,ppm,1,Essex,24,100,42101,Carbon monoxide,12580,"Baltimore-Columbia-Towson, MD",24,Maryland,5,Baltimore,39.310833,-76.474444
9/15/2016,AQS,240053001,1,0.1,ppm,1,Essex,24,100,42101,Carbon monoxide,12580,"Baltimore-Columbia-Towson, MD",24,Maryland,5,Baltimore,39.310833,-76.474444
9/16/2016,AQS,240053001,1,0,ppm,0,Essex,24,100,42101,Carbon monoxide,12580,"Baltimore-Columbia-Towson, MD",24,Maryland,5,Baltimore,39.310833,-76.474444
9/17/2016,AQS,240053001,1,0.1,ppm,1,Essex,18,75,42101,Carbon monoxide,12580,"Baltimore-Columbia-Towson, MD",24,Maryland,5,Baltimore,39.310833,-76.474444
9/18/2016,AQS,240053001,1,0,ppm,0,Essex,22,92,42101,Carbon monoxide,12580,"Baltimore-Columbia-Towson, MD",24,Maryland,5,Baltimore,39.310833,-76.474444
9/20/2016,AQS,240053001,1,0.3,ppm,3,Essex,24,100,42101,Carbon monoxide,12580,"Baltimore-Columbia-Towson, MD",24,Maryland,5,Baltimore,39.310833,-76.474444
9/21/2016,AQS,240053001,1,0.3,ppm,3,Essex,24,100,42101,Carbon monoxide,12580,"Baltimore-Columbia-Towson, MD",24,Maryland,5,Baltimore,39.310833,-76.474444
9/22/2016,AQS,240053001,1,0.3,ppm,3,Essex,24,100,42101,Carbon monoxide,12580,"Baltimore-Columbia-Towson, MD",24,Maryland,5,Baltimore,39.310833,-76.474444
9/23/2016,AQS,240053001,1,0.3,ppm,3,Essex,24,100,42101,Carbon monoxide,12580,"Baltimore-Columbia-Towson, MD",24,Maryland,5,Baltimore,39.310833,-76.474444
9/24/2016,AQS,240053001,1,0.3,ppm,3,Essex,24,100,42101,Carbon monoxide,12580,"Baltimore-Columbia-Towson, MD",24,Maryland,5,Baltimore,39.310833,-76.474444
9/25/2016,AQS,240053001,1,0.3,ppm,3,Essex,24,100,42101,Carbon monoxide,12580,"Baltimore-Columbia-Towson, MD",24,Maryland,5,Baltimore,39.310833,-76.474444
9/26/2016,AQS,240053001,1,0.3,ppm,3,Essex,24,100,42101,Carbon monoxide,12580,"Baltimore-Columbia-Towson, MD",24,Maryland,5,Baltimore,39.310833,-76.474444
9/27/2016,AQS,240053001,1,0.2,ppm,2,Essex,24,100,42101,Carbon monoxide,12580,"Baltimore-Columbia-Towson, MD",24,Maryland,5,Baltimore,39.310833,-76.474444
9/28/2016,AQS,240053001,1,0.2,ppm,2,Essex,24,100,42101,Carbon monoxide,12580,"Baltimore-Columbia-Towson, MD",24,Maryland,5,Baltimore,39.310833,-76.474444
9/30/2016,AQS,240053001,1,0,ppm,0,Essex,20,83,42101,Carbon monoxide,12580,"Baltimore-Columbia-Towson, MD",24,Maryland,5,Baltimore,39.310833,-76.474444
10/1/2016,AQS,240053001,1,0,ppm,0,Essex,24,100,42101,Carbon monoxide,12580,"Baltimore-Columbia-Towson, MD",24,Maryland,5,Baltimore,39.310833,-76.474444
10/2/2016,AQS,240053001,1,0.2,ppm,2,Essex,24,100,42101,Carbon monoxide,12580,"Baltimore-Columbia-Towson, MD",24,Maryland,5,Baltimore,39.310833,-76.474444
10/3/2016,AQS,240053001,1,0.2,ppm,2,Essex,24,100,42101,Carbon monoxide,12580,"Baltimore-Columbia-Towson, MD",24,Maryland,5,Baltimore,39.310833,-76.474444
10/7/2016,AQS,240053001,1,0.2,ppm,2,Essex,24,100,42101,Carbon monoxide,12580,"Baltimore-Columbia-Towson, MD",24,Maryland,5,Baltimore,39.310833,-76.474444
10/8/2016,AQS,240053001,1,0.1,ppm,1,Essex,24,100,42101,Carbon monoxide,12580,"Baltimore-Columbia-Towson, MD",24,Maryland,5,Baltimore,39.310833,-76.474444
10/9/2016,AQS,240053001,1,0.1,ppm,1,Essex,24,100,42101,Carbon monoxide,12580,"Baltimore-Columbia-Towson, MD",24,Maryland,5,Baltimore,39.310833,-76.474444
10/10/2016,AQS,240053001,1,0.3,ppm,3,Essex,24,100,42101,Carbon monoxide,12580,"Baltimore-Columbia-Towson, MD",24,Maryland,5,Baltimore,39.310833,-76.474444
10/11/2016,AQS,240053001,1,0.3,ppm,3,Essex,24,100,42101,Carbon monoxide,12580,"Baltimore-Columbia-Towson, MD",24,Maryland,5,Baltimore,39.310833,-76.474444
10/12/2016,AQS,240053001,1,0.3,ppm,3,Essex,24,100,42101,Carbon monoxide,12580,"Baltimore-Columbia-Towson, MD",24,Maryland,5,Baltimore,39.310833,-76.474444
10/13/2016,AQS,240053001,1,0.4,ppm,5,Essex,24,100,42101,Carbon monoxide,12580,"Baltimore-Columbia-Towson, MD",24,Maryland,5,Baltimore,39.310833,-76.474444
10/14/2016,AQS,240053001,1,0.4,ppm,5,Essex,24,100,42101,Carbon monoxide,12580,"Baltimore-Columbia-Towson, MD",24,Maryland,5,Baltimore,39.310833,-76.474444
10/15/2016,AQS,240053001,1,0.5,ppm,6,Essex,24,100,42101,Carbon monoxide,12580,"Baltimore-Columbia-Towson, MD",24,Maryland,5,Baltimore,39.310833,-76.474444
10/16/2016,AQS,240053001,1,0.6,ppm,7,Essex,24,100,42101,Carbon monoxide,12580,"Baltimore-Columbia-Towson, MD",24,Maryland,5,Baltimore,39.310833,-76.474444
10/17/2016,AQS,240053001,1,0.5,ppm,6,Essex,24,100,42101,Carbon monoxide,12580,"Baltimore-Columbia-Towson, MD",24,Maryland,5,Baltimore,39.310833,-76.474444
10/18/2016,AQS,240053001,1,0.4,ppm,5,Essex,24,100,42101,Carbon monoxide,12580,"Baltimore-Columbia-Towson, MD",24,Maryland,5,Baltimore,39.310833,-76.474444
10/19/2016,AQS,240053001,1,0.3,ppm,3,Essex,24,100,42101,Carbon monoxide,12580,"Baltimore-Columbia-Towson, MD",24,Maryland,5,Baltimore,39.310833,-76.474444
10/20/2016,AQS,240053001,1,0.3,ppm,3,Essex,24,100,42101,Carbon monoxide,12580,"Baltimore-Columbia-Towson, MD",24,Maryland,5,Baltimore,39.310833,-76.474444
10/21/2016,AQS,240053001,1,0.1,ppm,1,Essex,24,100,42101,Carbon monoxide,12580,"Baltimore-Columbia-Towson, MD",24,Maryland,5,Baltimore,39.310833,-76.474444
10/22/2016,AQS,240053001,1,0.1,ppm,1,Essex,24,100,42101,Carbon monoxide,12580,"Baltimore-Columbia-Towson, MD",24,Maryland,5,Baltimore,39.310833,-76.474444
10/23/2016,AQS,240053001,1,0.1,ppm,1,Essex,24,100,42101,Carbon monoxide,12580,"Baltimore-Columbia-Towson, MD",24,Maryland,5,Baltimore,39.310833,-76.474444
10/24/2016,AQS,240053001,1,0.2,ppm,2,Essex,24,100,42101,Carbon monoxide,12580,"Baltimore-Columbia-Towson, MD",24,Maryland,5,Baltimore,39.310833,-76.474444
10/25/2016,AQS,240053001,1,0.3,ppm,3,Essex,24,100,42101,Carbon monoxide,12580,"Baltimore-Columbia-Towson, MD",24,Maryland,5,Baltimore,39.310833,-76.474444
10/26/2016,AQS,240053001,1,0.3,ppm,3,Essex,24,100,42101,Carbon monoxide,12580,"Baltimore-Columbia-Towson, MD",24,Maryland,5,Baltimore,39.310833,-76.474444
10/27/2016,AQS,240053001,1,0.2,ppm,2,Essex,24,100,42101,Carbon monoxide,12580,"Baltimore-Columbia-Towson, MD",24,Maryland,5,Baltimore,39.310833,-76.474444
10/28/2016,AQS,240053001,1,0.4,ppm,5,Essex,24,100,42101,Carbon monoxide,12580,"Baltimore-Columbia-Towson, MD",24,Maryland,5,Baltimore,39.310833,-76.474444
10/29/2016,AQS,240053001,1,0.7,ppm,8,Essex,24,100,42101,Carbon monoxide,12580,"Baltimore-Columbia-Towson, MD",24,Maryland,5,Baltimore,39.310833,-76.474444
10/30/2016,AQS,240053001,1,0.3,ppm,3,Essex,24,100,42101,Carbon monoxide,12580,"Baltimore-Columbia-Towson, MD",24,Maryland,5,Baltimore,39.310833,-76.474444
10/31/2016,AQS,240053001,1,0.3,ppm,3,Essex,24,100,42101,Carbon monoxide,12580,"Baltimore-Columbia-Towson, MD",24,Maryland,5,Baltimore,39.310833,-76.474444
11/1/2016,AQS,240053001,1,0.3,ppm,3,Essex,24,100,42101,Carbon monoxide,12580,"Baltimore-Columbia-Towson, MD",24,Maryland,5,Baltimore,39.310833,-76.474444
11/2/2016,AQS,240053001,1,0.4,ppm,5,Essex,24,100,42101,Carbon monoxide,12580,"Baltimore-Columbia-Towson, MD",24,Maryland,5,Baltimore,39.310833,-76.474444
11/3/2016,AQS,240053001,1,0.8,ppm,9,Essex,24,100,42101,Carbon monoxide,12580,"Baltimore-Columbia-Towson, MD",24,Maryland,5,Baltimore,39.310833,-76.474444
11/4/2016,AQS,240053001,1,0.5,ppm,6,Essex,24,100,42101,Carbon monoxide,12580,"Baltimore-Columbia-Towson, MD",24,Maryland,5,Baltimore,39.310833,-76.474444
11/5/2016,AQS,240053001,1,0.6,ppm,7,Essex,24,100,42101,Carbon monoxide,12580,"Baltimore-Columbia-Towson, MD",24,Maryland,5,Baltimore,39.310833,-76.474444
11/6/2016,AQS,240053001,1,0.4,ppm,5,Essex,24,100,42101,Carbon monoxide,12580,"Baltimore-Columbia-Towson, MD",24,Maryland,5,Baltimore,39.310833,-76.474444
11/7/2016,AQS,240053001,1,0.5,ppm,6,Essex,24,100,42101,Carbon monoxide,12580,"Baltimore-Columbia-Towson, MD",24,Maryland,5,Baltimore,39.310833,-76.474444
11/8/2016,AQS,240053001,1,0.8,ppm,9,Essex,24,100,42101,Carbon monoxide,12580,"Baltimore-Columbia-Towson, MD",24,Maryland,5,Baltimore,39.310833,-76.474444
11/9/2016,AQS,240053001,1,0.6,ppm,7,Essex,24,100,42101,Carbon monoxide,12580,"Baltimore-Columbia-Towson, MD",24,Maryland,5,Baltimore,39.310833,-76.474444
11/10/2016,AQS,240053001,1,0.3,ppm,3,Essex,24,100,42101,Carbon monoxide,12580,"Baltimore-Columbia-Towson, MD",24,Maryland,5,Baltimore,39.310833,-76.474444
11/11/2016,AQS,240053001,1,0.3,ppm,3,Essex,24,100,42101,Carbon monoxide,12580,"Baltimore-Columbia-Towson, MD",24,Maryland,5,Baltimore,39.310833,-76.474444
11/12/2016,AQS,240053001,1,0.5,ppm,6,Essex,24,100,42101,Carbon monoxide,12580,"Baltimore-Columbia-Towson, MD",24,Maryland,5,Baltimore,39.310833,-76.474444
11/13/2016,AQS,240053001,1,0.8,ppm,9,Essex,24,100,42101,Carbon monoxide,12580,"Baltimore-Columbia-Towson, MD",24,Maryland,5,Baltimore,39.310833,-76.474444
11/14/2016,AQS,240053001,1,1,ppm,11,Essex,24,100,42101,Carbon monoxide,12580,"Baltimore-Columbia-Towson, MD",24,Maryland,5,Baltimore,39.310833,-76.474444
11/15/2016,AQS,240053001,1,0.4,ppm,5,Essex,24,100,42101,Carbon monoxide,12580,"Baltimore-Columbia-Towson, MD",24,Maryland,5,Baltimore,39.310833,-76.474444
11/16/2016,AQS,240053001,1,0.4,ppm,5,Essex,24,100,42101,Carbon monoxide,12580,"Baltimore-Columbia-Towson, MD",24,Maryland,5,Baltimore,39.310833,-76.474444
11/17/2016,AQS,240053001,1,0.6,ppm,7,Essex,24,100,42101,Carbon monoxide,12580,"Baltimore-Columbia-Towson, MD",24,Maryland,5,Baltimore,39.310833,-76.474444
11/18/2016,AQS,240053001,1,1,ppm,11,Essex,24,100,42101,Carbon monoxide,12580,"Baltimore-Columbia-Towson, MD",24,Maryland,5,Baltimore,39.310833,-76.474444
11/19/2016,AQS,240053001,1,1.3,ppm,15,Essex,24,100,42101,Carbon monoxide,12580,"Baltimore-Columbia-Towson, MD",24,Maryland,5,Baltimore,39.310833,-76.474444
11/20/2016,AQS,240053001,1,0.1,ppm,1,Essex,24,100,42101,Carbon monoxide,12580,"Baltimore-Columbia-Towson, MD",24,Maryland,5,Baltimore,39.310833,-76.474444
11/21/2016,AQS,240053001,1,0.1,ppm,1,Essex,24,100,42101,Carbon monoxide,12580,"Baltimore-Columbia-Towson, MD",24,Maryland,5,Baltimore,39.310833,-76.474444
11/22/2016,AQS,240053001,1,0.2,ppm,2,Essex,24,100,42101,Carbon monoxide,12580,"Baltimore-Columbia-Towson, MD",24,Maryland,5,Baltimore,39.310833,-76.474444
11/23/2016,AQS,240053001,1,0.6,ppm,7,Essex,24,100,42101,Carbon monoxide,12580,"Baltimore-Columbia-Towson, MD",24,Maryland,5,Baltimore,39.310833,-76.474444
11/24/2016,AQS,240053001,1,0.6,ppm,7,Essex,24,100,42101,Carbon monoxide,12580,"Baltimore-Columbia-Towson, MD",24,Maryland,5,Baltimore,39.310833,-76.474444
11/25/2016,AQS,240053001,1,0.9,ppm,10,Essex,24,100,42101,Carbon monoxide,12580,"Baltimore-Columbia-Towson, MD",24,Maryland,5,Baltimore,39.310833,-76.474444
11/26/2016,AQS,240053001,1,0.3,ppm,3,Essex,24,100,42101,Carbon monoxide,12580,"Baltimore-Columbia-Towson, MD",24,Maryland,5,Baltimore,39.310833,-76.474444
11/27/2016,AQS,240053001,1,0.6,ppm,7,Essex,24,100,42101,Carbon monoxide,12580,"Baltimore-Columbia-Towson, MD",24,Maryland,5,Baltimore,39.310833,-76.474444
11/28/2016,AQS,240053001,1,1,ppm,11,Essex,24,100,42101,Carbon monoxide,12580,"Baltimore-Columbia-Towson, MD",24,Maryland,5,Baltimore,39.310833,-76.474444
11/29/2016,AQS,240053001,1,0.5,ppm,6,Essex,24,100,42101,Carbon monoxide,12580,"Baltimore-Columbia-Towson, MD",24,Maryland,5,Baltimore,39.310833,-76.474444
11/30/2016,AQS,240053001,1,0.5,ppm,6,Essex,24,100,42101,Carbon monoxide,12580,"Baltimore-Columbia-Towson, MD",24,Maryland,5,Baltimore,39.310833,-76.474444
12/1/2016,AQS,240053001,1,0.2,ppm,2,Essex,24,100,42101,Carbon monoxide,12580,"Baltimore-Columbia-Towson, MD",24,Maryland,5,Baltimore,39.310833,-76.474444
12/2/2016,AQS,240053001,1,0.2,ppm,2,Essex,24,100,42101,Carbon monoxide,12580,"Baltimore-Columbia-Towson, MD",24,Maryland,5,Baltimore,39.310833,-76.474444
12/3/2016,AQS,240053001,1,0.2,ppm,2,Essex,24,100,42101,Carbon monoxide,12580,"Baltimore-Columbia-Towson, MD",24,Maryland,5,Baltimore,39.310833,-76.474444
12/4/2016,AQS,240053001,1,0.2,ppm,2,Essex,24,100,42101,Carbon monoxide,12580,"Baltimore-Columbia-Towson, MD",24,Maryland,5,Baltimore,39.310833,-76.474444
12/5/2016,AQS,240053001,1,0.3,ppm,3,Essex,24,100,42101,Carbon monoxide,12580,"Baltimore-Columbia-Towson, MD",24,Maryland,5,Baltimore,39.310833,-76.474444
12/6/2016,AQS,240053001,1,0.3,ppm,3,Essex,24,100,42101,Carbon monoxide,12580,"Baltimore-Columbia-Towson, MD",24,Maryland,5,Baltimore,39.310833,-76.474444
12/7/2016,AQS,240053001,1,0.8,ppm,9,Essex,24,100,42101,Carbon monoxide,12580,"Baltimore-Columbia-Towson, MD",24,Maryland,5,Baltimore,39.310833,-76.474444
12/8/2016,AQS,240053001,1,1.1,ppm,13,Essex,24,100,42101,Carbon monoxide,12580,"Baltimore-Columbia-Towson, MD",24,Maryland,5,Baltimore,39.310833,-76.474444
12/9/2016,AQS,240053001,1,0.1,ppm,1,Essex,24,100,42101,Carbon monoxide,12580,"Baltimore-Columbia-Towson, MD",24,Maryland,5,Baltimore,39.310833,-76.474444
12/10/2016,AQS,240053001,1,0.2,ppm,2,Essex,24,100,42101,Carbon monoxide,12580,"Baltimore-Columbia-Towson, MD",24,Maryland,5,Baltimore,39.310833,-76.474444
12/11/2016,AQS,240053001,1,0.3,ppm,3,Essex,24,100,42101,Carbon monoxide,12580,"Baltimore-Columbia-Towson, MD",24,Maryland,5,Baltimore,39.310833,-76.474444
12/12/2016,AQS,240053001,1,0.2,ppm,2,Essex,24,100,42101,Carbon monoxide,12580,"Baltimore-Columbia-Towson, MD",24,Maryland,5,Baltimore,39.310833,-76.474444
12/13/2016,AQS,240053001,1,0.2,ppm,2,Essex,24,100,42101,Carbon monoxide,12580,"Baltimore-Columbia-Towson, MD",24,Maryland,5,Baltimore,39.310833,-76.474444
12/14/2016,AQS,240053001,1,0.5,ppm,6,Essex,24,100,42101,Carbon monoxide,12580,"Baltimore-Columbia-Towson, MD",24,Maryland,5,Baltimore,39.310833,-76.474444
12/15/2016,AQS,240053001,1,0.5,ppm,6,Essex,24,100,42101,Carbon monoxide,12580,"Baltimore-Columbia-Towson, MD",24,Maryland,5,Baltimore,39.310833,-76.474444
12/16/2016,AQS,240053001,1,0.2,ppm,2,Essex,24,100,42101,Carbon monoxide,12580,"Baltimore-Columbia-Towson, MD",24,Maryland,5,Baltimore,39.310833,-76.474444
12/17/2016,AQS,240053001,1,0.4,ppm,5,Essex,24,100,42101,Carbon monoxide,12580,"Baltimore-Columbia-Towson, MD",24,Maryland,5,Baltimore,39.310833,-76.474444
12/18/2016,AQS,240053001,1,0.5,ppm,6,Essex,24,100,42101,Carbon monoxide,12580,"Baltimore-Columbia-Towson, MD",24,Maryland,5,Baltimore,39.310833,-76.474444
12/20/2016,AQS,240053001,1,0.6,ppm,7,Essex,24,100,42101,Carbon monoxide,12580,"Baltimore-Columbia-Towson, MD",24,Maryland,5,Baltimore,39.310833,-76.474444
12/21/2016,AQS,240053001,1,1,ppm,11,Essex,24,100,42101,Carbon monoxide,12580,"Baltimore-Columbia-Towson, MD",24,Maryland,5,Baltimore,39.310833,-76.474444
12/22/2016,AQS,240053001,1,1.3,ppm,15,Essex,24,100,42101,Carbon monoxide,12580,"Baltimore-Columbia-Towson, MD",24,Maryland,5,Baltimore,39.310833,-76.474444
12/23/2016,AQS,240053001,1,0.5,ppm,6,Essex,24,100,42101,Carbon monoxide,12580,"Baltimore-Columbia-Towson, MD",24,Maryland,5,Baltimore,39.310833,-76.474444
12/24/2016,AQS,240053001,1,0.9,ppm,10,Essex,24,100,42101,Carbon monoxide,12580,"Baltimore-Columbia-Towson, MD",24,Maryland,5,Baltimore,39.310833,-76.474444
12/25/2016,AQS,240053001,1,0.9,ppm,10,Essex,24,100,42101,Carbon monoxide,12580,"Baltimore-Columbia-Towson, MD",24,Maryland,5,Baltimore,39.310833,-76.474444
12/26/2016,AQS,240053001,1,0.8,ppm,9,Essex,24,100,42101,Carbon monoxide,12580,"Baltimore-Columbia-Towson, MD",24,Maryland,5,Baltimore,39.310833,-76.474444
12/27/2016,AQS,240053001,1,0.2,ppm,2,Essex,24,100,42101,Carbon monoxide,12580,"Baltimore-Columbia-Towson, MD",24,Maryland,5,Baltimore,39.310833,-76.474444
12/28/2016,AQS,240053001,1,0.3,ppm,3,Essex,24,100,42101,Carbon monoxide,12580,"Baltimore-Columbia-Towson, MD",24,Maryland,5,Baltimore,39.310833,-76.474444
12/29/2016,AQS,240053001,1,0.3,ppm,3,Essex,24,100,42101,Carbon monoxide,12580,"Baltimore-Columbia-Towson, MD",24,Maryland,5,Baltimore,39.310833,-76.474444
12/30/2016,AQS,240053001,1,0.2,ppm,2,Essex,24,100,42101,Carbon monoxide,12580,"Baltimore-Columbia-Towson, MD",24,Maryland,5,Baltimore,39.310833,-76.474444
12/31/2016,AQS,240053001,1,0.2,ppm,2,Essex,24,100,42101,Carbon monoxide,12580,"Baltimore-Columbia-Towson, MD",24,Maryland,5,Baltimore,39.310833,-76.474444
,,,,,,,,,,,,,,,,,,,
,,,,,,,,,,,,,,,,,,,
,,,,,,,,,,,,,,,,,,,
,,,,,,,,,,,,,,,,,,,
,,,,,,,,,,,,,,,,,,,
,,,,,,,,,,,,,,,,,,,
,,,,,,,,,,,,,,,,,,,
,,,,,,,,,,,,,,,,,,,
,,,,,,,,,,,,,,,,,,,
,,,,,,,,,,,,,,,,,,,
,,,,,,,,,,,,,,,,,,,
,,,,,,,,,,,,,,,,,,,
,,,,,,,,,,,,,,,,,,,
,,,,,,,,,,,,,,,,,,,
,,,,,,,,,,,,,,,,,,,
,,,,,,,,,,,,,,,,,,,
,,,,,,,,,,,,,,,,,,,
,,,,,,,,,,,,,,,,,,,
,,,,,,,,,,,,,,,,,,,
,,,,,,,,,,,,,,,,,,,
,,,,,,,,,,,,,,,,,,,
,,,,,,,,,,,,,,,,,,,
,,,,,,,,,,,,,,,,,,,
,,,,,,,,,,,,,,,,,,,
,,,,,,,,,,,,,,,,,,,
,,,,,,,,,,,,,,,,,,,
,,,,,,,,,,,,,,,,,,,
,,,,,,,,,,,,,,,,,,,
,,,,,,,,,,,,,,,,,,,
,,,,,,,,,,,,,,,,,,,
,,,,,,,,,,,,,,,,,,,
,,,,,,,,,,,,,,,,,,,
,,,,,,,,,,,,,,,,,,,
,,,,,,,,,,,,,,,,,,,
,,,,,,,,,,,,,,,,,,,
,,,,,,,,,,,,,,,,,,,
,,,,,,,,,,,,,,,,,,,
,,,,,,,,,,,,,,,,,,,
,,,,,,,,,,,,,,,,,,,
,,,,,,,,,,,,,,,,,,,
,,,,,,,,,,,,,,,,,,,
,,,,,,,,,,,,,,,,,,,
,,,,,,,,,,,,,,,,,,,
,,,,,,,,,,,,,,,,,,,
,,,,,,,,,,,,,,,,,,,
,,,,,,,,,,,,,,,,,,,
,,,,,,,,,,,,,,,,,,,
,,,,,,,,,,,,,,,,,,,
,,,,,,,,,,,,,,,,,,,
,,,,,,,,,,,,,,,,,,,
,,,,,,,,,,,,,,,,,,,
,,,,,,,,,,,,,,,,,,,
,,,,,,,,,,,,,,,,,,,
,,,,,,,,,,,,,,,,,,,
,,,,,,,,,,,,,,,,,,,
,,,,,,,,,,,,,,,,,,,
,,,,,,,,,,,,,,,,,,,
,,,,,,,,,,,,,,,,,,,
,,,,,,,,,,,,,,,,,,,
,,,,,,,,,,,,,,,,,,,
,,,,,,,,,,,,,,,,,,,
,,,,,,,,,,,,,,,,,,,
,,,,,,,,,,,,,,,,,,,
,,,,,,,,,,,,,,,,,,,
,,,,,,,,,,,,,,,,,,,
,,,,,,,,,,,,,,,,,,,
,,,,,,,,,,,,,,,,,,,
,,,,,,,,,,,,,,,,,,,
,,,,,,,,,,,,,,,,,,,
,,,,,,,,,,,,,,,,,,,
,,,,,,,,,,,,,,,,,,,
,,,,,,,,,,,,,,,,,,,
,,,,,,,,,,,,,,,,,,,
,,,,,,,,,,,,,,,,,,,
,,,,,,,,,,,,,,,,,,,
,,,,,,,,,,,,,,,,,,,
,,,,,,,,,,,,,,,,,,,
,,,,,,,,,,,,,,,,,,,
,,,,,,,,,,,,,,,,,,,
,,,,,,,,,,,,,,,,,,,
,,,,,,,,,,,,,,,,,,,
,,,,,,,,,,,,,,,,,,,
,,,,,,,,,,,,,,,,,,,
,,,,,,,,,,,,,,,,,,,
,,,,,,,,,,,,,,,,,,,
,,,,,,,,,,,,,,,,,,,
,,,,,,,,,,,,,,,,,,,
,,,,,,,,,,,,,,,,,,,
,,,,,,,,,,,,,,,,,,,
,,,,,,,,,,,,,,,,,,,
,,,,,,,,,,,,,,,,,,,
,,,,,,,,,,,,,,,,,,,
,,,,,,,,,,,,,,,,,,,
,,,,,,,,,,,,,,,,,,,
,,,,,,,,,,,,,,,,,,,
,,,,,,,,,,,,,,,,,,,
,,,,,,,,,,,,,,,,,,,
,,,,,,,,,,,,,,,,,,,
,,,,,,,,,,,,,,,,,,,
,,,,,,,,,,,,,,,,,,,
,,,,,,,,,,,,,,,,,,,
,,,,,,,,,,,,,,,,,,,
,,,,,,,,,,,,,,,,,,,
,,,,,,,,,,,,,,,,,,,
,,,,,,,,,,,,,,,,,,,
,,,,,,,,,,,,,,,,,,,
,,,,,,,,,,,,,,,,,,,
,,,,,,,,,,,,,,,,,,,
,,,,,,,,,,,,,,,,,,,
,,,,,,,,,,,,,,,,,,,
,,,,,,,,,,,,,,,,,,,
,,,,,,,,,,,,,,,,,,,
,,,,,,,,,,,,,,,,,,,
,,,,,,,,,,,,,,,,,,,
,,,,,,,,,,,,,,,,,,,
,,,,,,,,,,,,,,,,,,,
,,,,,,,,,,,,,,,,,,,
,,,,,,,,,,,,,,,,,,,
,,,,,,,,,,,,,,,,,,,
,,,,,,,,,,,,,,,,,,,
,,,,,,,,,,,,,,,,,,,
,,,,,,,,,,,,,,,,,,,
,,,,,,,,,,,,,,,,,,,
,,,,,,,,,,,,,,,,,,,
,,,,,,,,,,,,,,,,,,,
,,,,,,,,,,,,,,,,,,,
,,,,,,,,,,,,,,,,,,,
,,,,,,,,,,,,,,,,,,,
,,,,,,,,,,,,,,,,,,,
,,,,,,,,,,,,,,,,,,,
,,,,,,,,,,,,,,,,,,,
,,,,,,,,,,,,,,,,,,,
,,,,,,,,,,,,,,,,,,,
,,,,,,,,,,,,,,,,,,,
,,,,,,,,,,,,,,,,,,,
,,,,,,,,,,,,,,,,,,,
,,,,,,,,,,,,,,,,,,,
,,,,,,,,,,,,,,,,,,,
,,,,,,,,,,,,,,,,,,,
,,,,,,,,,,,,,,,,,,,
,,,,,,,,,,,,,,,,,,,
,,,,,,,,,,,,,,,,,,,
,,,,,,,,,,,,,,,,,,,
,,,,,,,,,,,,,,,,,,,
,,,,,,,,,,,,,,,,,,,
,,,,,,,,,,,,,,,,,,,
,,,,,,,,,,,,,,,,,,,
,,,,,,,,,,,,,,,,,,,
,,,,,,,,,,,,,,,,,,,
,,,,,,,,,,,,,,,,,,,
,,,,,,,,,,,,,,,,,,,
,,,,,,,,,,,,,,,,,,,
,,,,,,,,,,,,,,,,,,,
,,,,,,,,,,,,,,,,,,,
,,,,,,,,,,,,,,,,,,,
,,,,,,,,,,,,,,,,,,,
,,,,,,,,,,,,,,,,,,,
,,,,,,,,,,,,,,,,,,,
,,,,,,,,,,,,,,,,,,,
,,,,,,,,,,,,,,,,,,,
,,,,,,,,,,,,,,,,,,,
,,,,,,,,,,,,,,,,,,,
,,,,,,,,,,,,,,,,,,,
,,,,,,,,,,,,,,,,,,,
,,,,,,,,,,,,,,,,,,,
,,,,,,,,,,,,,,,,,,,
,,,,,,,,,,,,,,,,,,,
,,,,,,,,,,,,,,,,,,,
,,,,,,,,,,,,,,,,,,,
,,,,,,,,,,,,,,,,,,,
,,,,,,,,,,,,,,,,,,,
,,,,,,,,,,,,,,,,,,,
,,,,,,,,,,,,,,,,,,,
,,,,,,,,,,,,,,,,,,,
,,,,,,,,,,,,,,,,,,,
,,,,,,,,,,,,,,,,,,,
,,,,,,,,,,,,,,,,,,,
,,,,,,,,,,,,,,,,,,,
,,,,,,,,,,,,,,,,,,,
,,,,,,,,,,,,,,,,,,,
,,,,,,,,,,,,,,,,,,,
,,,,,,,,,,,,,,,,,,,
,,,,,,,,,,,,,,,,,,,
,,,,,,,,,,,,,,,,,,,
,,,,,,,,,,,,,,,,,,,
,,,,,,,,,,,,,,,,,,,
,,,,,,,,,,,,,,,,,,,
,,,,,,,,,,,,,,,,,,,
,,,,,,,,,,,,,,,,,,,
,,,,,,,,,,,,,,,,,,,
,,,,,,,,,,,,,,,,,,,
,,,,,,,,,,,,,,,,,,,
,,,,,,,,,,,,,,,,,,,
,,,,,,,,,,,,,,,,,,,
,,,,,,,,,,,,,,,,,,,
,,,,,,,,,,,,,,,,,,,
,,,,,,,,,,,,,,,,,,,
,,,,,,,,,,,,,,,,,,,
,,,,,,,,,,,,,,,,,,,
,,,,,,,,,,,,,,,,,,,
,,,,,,,,,,,,,,,,,,,
,,,,,,,,,,,,,,,,,,,
,,,,,,,,,,,,,,,,,,,
,,,,,,,,,,,,,,,,,,,
,,,,,,,,,,,,,,,,,,,
,,,,,,,,,,,,,,,,,,,
,,,,,,,,,,,,,,,,,,,
,,,,,,,,,,,,,,,,,,,
,,,,,,,,,,,,,,,,,,,
,,,,,,,,,,,,,,,,,,,
,,,,,,,,,,,,,,,,,,,
,,,,,,,,,,,,,,,,,,,
,,,,,,,,,,,,,,,,,,,
,,,,,,,,,,,,,,,,,,,
,,,,,,,,,,,,,,,,,,,
,,,,,,,,,,,,,,,,,,,
,,,,,,,,,,,,,,,,,,,
,,,,,,,,,,,,,,,,,,,
,,,,,,,,,,,,,,,,,,,
,,,,,,,,,,,,,,,,,,,
,,,,,,,,,,,,,,,,,,,
,,,,,,,,,,,,,,,,,,,
,,,,,,,,,,,,,,,,,,,
,,,,,,,,,,,,,,,,,,,
,,,,,,,,,,,,,,,,,,,
,,,,,,,,,,,,,,,,,,,
,,,,,,,,,,,,,,,,,,,
,,,,,,,,,,,,,,,,,,,
,,,,,,,,,,,,,,,,,,,
,,,,,,,,,,,,,,,,,,,
,,,,,,,,,,,,,,,,,,,
,,,,,,,,,,,,,,,,,,,
,,,,,,,,,,,,,,,,,,,
,,,,,,,,,,,,,,,,,,,
,,,,,,,,,,,,,,,,,,,
,,,,,,,,,,,,,,,,,,,
,,,,,,,,,,,,,,,,,,,
,,,,,,,,,,,,,,,,,,,
,,,,,,,,,,,,,,,,,,,
,,,,,,,,,,,,,,,,,,,
,,,,,,,,,,,,,,,,,,,
,,,,,,,,,,,,,,,,,,,
,,,,,,,,,,,,,,,,,,,
,,,,,,,,,,,,,,,,,,,
,,,,,,,,,,,,,,,,,,,
,,,,,,,,,,,,,,,,,,,
,,,,,,,,,,,,,,,,,,,
,,,,,,,,,,,,,,,,,,,
,,,,,,,,,,,,,,,,,,,
,,,,,,,,,,,,,,,,,,,
,,,,,,,,,,,,,,,,,,,
,,,,,,,,,,,,,,,,,,,
,,,,,,,,,,,,,,,,,,,
,,,,,,,,,,,,,,,,,,,
,,,,,,,,,,,,,,,,,,,
,,,,,,,,,,,,,,,,,,,
,,,,,,,,,,,,,,,,,,,
,,,,,,,,,,,,,,,,,,,
,,,,,,,,,,,,,,,,,,,
,,,,,,,,,,,,,,,,,,,
,,,,,,,,,,,,,,,,,,,
,,,,,,,,,,,,,,,,,,,
,,,,,,,,,,,,,,,,,,,
,,,,,,,,,,,,,,,,,,,
,,,,,,,,,,,,,,,,,,,
,,,,,,,,,,,,,,,,,,,
,,,,,,,,,,,,,,,,,,,
,,,,,,,,,,,,,,,,,,,
,,,,,,,,,,,,,,,,,,,
,,,,,,,,,,,,,,,,,,,
,,,,,,,,,,,,,,,,,,,
,,,,,,,,,,,,,,,,,,,
,,,,,,,,,,,,,,,,,,,
,,,,,,,,,,,,,,,,,,,
,,,,,,,,,,,,,,,,,,,
,,,,,,,,,,,,,,,,,,,
,,,,,,,,,,,,,,,,,,,
,,,,,,,,,,,,,,,,,,,
,,,,,,,,,,,,,,,,,,,
,,,,,,,,,,,,,,,,,,,
,,,,,,,,,,,,,,,,,,,
,,,,,,,,,,,,,,,,,,,
,,,,,,,,,,,,,,,,,,,
,,,,,,,,,,,,,,,,,,,
,,,,,,,,,,,,,,,,,,,
,,,,,,,,,,,,,,,,,,,
,,,,,,,,,,,,,,,,,,,
,,,,,,,,,,,,,,,,,,,
,,,,,,,,,,,,,,,,,,,
,,,,,,,,,,,,,,,,,,,
,,,,,,,,,,,,,,,,,,,
,,,,,,,,,,,,,,,,,,,
,,,,,,,,,,,,,,,,,,,
,,,,,,,,,,,,,,,,,,,
,,,,,,,,,,,,,,,,,,,
,,,,,,,,,,,,,,,,,,,
,,,,,,,,,,,,,,,,,,,
,,,,,,,,,,,,,,,,,,,
,,,,,,,,,,,,,,,,,,,
,,,,,,,,,,,,,,,,,,,
,,,,,,,,,,,,,,,,,,,
,,,,,,,,,,,,,,,,,,,
,,,,,,,,,,,,,,,,,,,
,,,,,,,,,,,,,,,,,,,
,,,,,,,,,,,,,,,,,,,
,,,,,,,,,,,,,,,,,,,
,,,,,,,,,,,,,,,,,,,
,,,,,,,,,,,,,,,,,,,
,,,,,,,,,,,,,,,,,,,
,,,,,,,,,,,,,,,,,,,
,,,,,,,,,,,,,,,,,,,
,,,,,,,,,,,,,,,,,,,
,,,,,,,,,,,,,,,,,,,
,,,,,,,,,,,,,,,,,,,
,,,,,,,,,,,,,,,,,,,
,,,,,,,,,,,,,,,,,,,
,,,,,,,,,,,,,,,,,,,
,,,,,,,,,,,,,,,,,,,
,,,,,,,,,,,,,,,,,,,
,,,,,,,,,,,,,,,,,,,
,,,,,,,,,,,,,,,,,,,
,,,,,,,,,,,,,,,,,,,
,,,,,,,,,,,,,,,,,,,
,,,,,,,,,,,,,,,,,,,
,,,,,,,,,,,,,,,,,,,
,,,,,,,,,,,,,,,,,,,
,,,,,,,,,,,,,,,,,,,
,,,,,,,,,,,,,,,,,,,
,,,,,,,,,,,,,,,,,,,
,,,,,,,,,,,,,,,,,,,
,,,,,,,,,,,,,,,,,,,
,,,,,,,,,,,,,,,,,,,
,,,,,,,,,,,,,,,,,,,
,,,,,,,,,,,,,,,,,,,
,,,,,,,,,,,,,,,,,,,
,,,,,,,,,,,,,,,,,,,
,,,,,,,,,,,,,,,,,,,
